x,x,x,x,x,x,x,x,x,x,x,x,x,x,x,x,x,x,x,x,x,x,x,x,x,x,x,x,x,x,x,x,x,x,x,x,x,x,x,x,x,x,x,x,x,x,x,x,x,x,x,x,x,x,x,x,x,x,x,x,x,x,x,x,x,x,x,x,x,x,x,x,x,x,x,x,x,x,x,x,x,x,x,x,x,x,x,x,x,x,x,x,x
0.0069413907,0.01575873,-0.004407937,0.008573128,-0.006187808,0.058824558,0.009250479,-0.016824389,-0.023399033,-0.013465835,-0.012389674,-0.00400672,0.017875329,0.015122491,0.023601744,-0.01250663,-0.0029401025,-0.0010484323,0.027634375,0.019899415,-0.047486104,-0.019634701,0.0053419727,0.05404049,-0.01262705,0.0019879185,-0.017507952,0.008444469,-0.021877185,0.03473895,0.0058287177,-0.030383691,0.025367435,0.01572186,-0.015306041,0.045912065,-0.01170524,-0.006461685,-0.071905605,0.02857416,0.0243573,-0.03491481,-0.008667892,0.010046833,-0.010004956,-0.027305925,0.02632834,-0.04120973,-0.0296416,0.010009591,-0.024842901,-0.004950222,-0.0013157792,0.031554855,0.028664922,0.018210767,-0.018043494,-0.03388414,-0.013725161,-0.0055912915,0.0129849,-0.02265126,0.016487831,0.008336586,-0.013232612,-0.009766824,0.0053096884,0.03517442,-0.013297655,0.004859128,-0.014903343,-0.01815539,0.019987766,-0.011040713,0.037868753,-0.008940918,0.007499462,-0.026497649,0.025440115,-0.014236811,0.00044949722,0.01984289,-0.016587855,0.053736378,0.014643107,0.051838543,-0.019961853,-0.008817681,-0.018670531,0.024884343,0.005424742,-0.007391485,0.01702623
-0.004446035,-0.01679578,-0.0053847004,-0.03033442,-0.0007803797,0.023921905,0.0041722097,0.017689971,-0.039024394,-0.011736842,0.0131111825,-0.00053422194,-0.0079263095,0.03567948,0.0044821473,-0.016949404,-0.02849799,-0.017246528,0.053421866,0.009747115,-0.01404516,-0.0067917854,0.008751425,0.027666464,-0.013024035,0.008725746,0.015373184,0.010782779,-0.049066413,-0.03955092,0.0074418583,-0.024228754,-0.016992304,0.017583562,-0.013587505,0.042070888,0.027059423,-0.018381264,-0.03868003,0.025588203,0.03846674,-0.030853068,-0.026680402,0.019252462,0.026174668,0.0070109316,0.046409708,-0.009069721,-0.021210104,0.009023709,-0.033972066,0.025647925,0.017449569,0.017557537,0.014278122,0.007998376,-0.010427567,0.003417839,0.0012592666,0.020483058,0.015602056,-0.03961576,0.013189769,0.020539353,-0.019444417,0.049891688,-0.013496624,0.0339289,-0.039005797,0.050926935,-0.041132215,0.0002223663,0.036388926,-0.008121989,0.052758217,-0.02021393,0.024241079,-0.048923593,0.022873038,-0.050319217,-0.025775589,0.028990569,-0.035174258,0.049927786,0.030421546,0.013273987,-0.0179267,0.0029338216,-0.003109989,0.0047327746,0.049863685,0.00015679328,0.0023726409
0.0144468,0.013323248,-0.0028246003,-0.011925875,0.0038219923,0.043536615,0.016992148,0.0069025937,0.0002278015,-0.0211623,0.004206201,-0.005127254,0.0490689,0.022775179,0.030530801,-0.00034269225,-0.046376303,0.010034857,-0.012883055,0.007940437,-0.042878192,-0.047950614,0.013546424,0.029805103,-0.0068628555,0.020914147,0.010597941,-0.010026897,-0.009199851,0.015613634,0.007740166,-0.003940164,0.0137867285,-0.007224067,-0.032474887,0.019173894,0.035716146,-0.012623626,-0.03968743,0.04280473,0.0005222614,-0.048336495,-0.010168212,0.025549399,-0.0006908997,0.02048061,0.03455081,-0.029475624,-0.035857566,0.011545481,-0.025439557,0.033491276,0.010400244,0.031210216,0.023630187,0.020899631,-0.028758192,-0.010942125,0.007062422,-0.002789397,0.01885782,-0.03738806,0.042747013,-0.006468623,-0.021293724,0.013831733,-0.03670169,0.027363857,-0.015691798,0.031602148,-0.023863243,-0.013399341,-0.0043163067,-0.026310144,0.019120565,-0.029787764,0.01676575,0.003934603,0.03847624,-0.049581815,-0.0028876304,0.032147117,-0.042196378,0.017750764,-0.019533794,0.056292325,-0.006676992,-0.005128862,0.025472622,0.0133747505,-0.0064963438,-0.010120109,0.009607953
0.010281351,-0.0036564819,-0.005743225,-0.018853474,-0.011984858,0.034606624,-0.00059412414,0.0059875487,0.00066849764,-0.015301058,0.0128725935,-0.008546976,0.02771754,0.0285095,0.010835581,-0.0017479911,-0.023392139,-0.011219717,0.013475022,0.02086203,-0.012387161,-0.037625447,0.0045119245,0.010035882,0.0025056142,-0.00058094406,0.0092974175,0.0040946286,-0.048632838,0.009818429,-0.010548781,-0.020791566,-0.006576279,-0.0050538313,-0.011698292,0.035802376,0.021829352,-0.026197625,-0.032112744,0.031576786,0.023795221,-0.03223448,-0.00726447,0.023858918,0.005678466,-0.00020884676,0.05450961,-0.0062924954,-0.005533464,0.017753659,-0.014940483,0.0027254166,0.022276806,0.016582582,0.024874976,0.011037454,-0.021240478,0.0069874767,0.0071346983,0.0093811015,0.01437447,-0.02447404,0.011176838,0.010237083,-0.039678793,0.026090313,-0.03306251,0.010682806,-0.006580577,0.031208713,-0.031271458,-0.017592788,0.012400336,0.0061783767,0.029758269,-0.015482667,0.043812975,-0.022647386,0.012893413,-0.02517744,-0.03075387,0.028661944,-0.023212574,0.039049048,0.010508836,0.04260496,0.0023230077,-0.004332411,0.017001802,0.005593848,0.023053754,0.0015556401,-0.004077628
0.01320538,0.013558036,0.010076202,-0.013401129,0.0035304918,0.05318685,0.013040936,0.0170957,-0.011640698,-0.028515505,0.0030637097,0.012571826,0.03489014,0.01391495,0.013583555,0.0040392024,-0.020720359,0.00838389,0.024738658,0.0066911825,0.003045137,-0.03914417,0.0058971825,0.023932058,-0.024931284,0.019184662,0.010824195,-0.008559845,-0.027618662,-0.0004040105,0.008211672,-0.020980928,0.003733044,0.008445238,-0.013014386,0.037479177,0.032013115,-0.013358414,-0.044761967,0.030657947,0.017707268,-0.029600644,0.0039923666,0.016328828,0.0036470152,0.0032315552,0.017583909,-0.018708851,-0.03342432,-0.00949688,-0.038976528,0.030140275,-0.011237547,0.0043380246,0.02834987,0.025288919,-0.023377525,-0.00629895,-0.0020630506,0.018288838,0.017857043,-0.022684343,0.03319623,-0.0073878164,-0.03140759,0.025263151,-0.01259472,0.04666437,-0.031937927,0.020768913,-0.030687314,0.0023739666,0.0086166235,-0.018653534,0.031547252,-0.018070558,0.02792896,-0.011499323,0.031455968,-0.03760898,-0.009240363,0.043302283,-0.015381847,0.045051113,0.018416677,0.040111344,-0.0048967833,0.011424034,0.005652989,0.022780161,0.009318288,-0.0048125386,0.0010927198
-0.018468762,0.011305042,-0.0033403172,-0.014139101,0.058381937,0.015962904,0.031805437,0.02725184,-0.040030938,-0.031313207,0.030259116,0.01010249,-0.006823989,0.02092661,0.023282638,-0.007314109,-0.03581779,0.0019698006,0.031905238,0.014840806,0.0006971563,-0.014485514,-0.015087116,-0.00022759661,0.024704017,0.03281058,0.02862482,0.0020883295,-0.006384072,0.0045260605,0.031126563,-0.047539633,-0.0110867685,-0.016089637,-0.031325817,0.013560115,0.050914858,-0.021737153,-0.062439766,0.030577784,0.01069631,-0.018002339,-0.040989656,0.018496804,0.019943591,0.014620493,0.033282302,-0.003999192,-0.052271094,0.022798402,-0.039813135,0.016614234,0.0065294974,0.019119898,0.022793163,0.015363146,-0.031812813,-0.0024216594,-0.0025266025,0.008133234,0.0013058411,-0.03564331,0.028672263,0.008326211,-0.013936882,0.03930797,-0.013461486,0.035848457,-0.026300596,0.017792262,-0.031324923,-0.025299428,0.012214255,-0.02965216,0.04946375,-0.009693429,0.033663135,-0.009993698,0.020023933,-0.041135013,-0.015018233,0.013292723,-0.04573688,0.0282054,0.0257315,-0.012569909,-0.022679258,0.03375495,0.008692351,0.016718715,0.032234624,-0.014357439,0.008872868
0.016255513,0.009832223,-0.0021103472,-0.01474402,0.013593243,0.023448218,0.026525864,0.0036319948,-0.02795241,-0.019975627,0.01737099,0.002466201,0.010160244,0.042424615,0.030312298,-0.0050620846,-0.03529857,-0.004205748,0.013936238,-0.002694401,0.010002876,-0.03528403,-0.002403364,0.0025182462,0.012265122,0.037359588,6.513903e-05,0.010129785,-0.036068402,0.016681505,0.008087975,-0.005593682,0.0021596435,-0.007925833,-0.040731627,0.034184903,0.029900942,-0.015803508,-0.041948218,0.018286418,0.028827507,-0.020010898,-0.019579053,0.018996838,0.023004876,0.0085997945,0.014692443,-0.001970587,-0.032850053,0.010223422,-0.02947205,0.02562073,-0.00020251144,0.018129634,0.020426368,0.014258461,-0.038397495,0.0033884607,-0.006920738,0.026746605,0.012627813,-0.019942032,0.022559876,0.018037574,-0.02708358,0.017487599,-0.024898255,0.04435868,-0.031746056,0.034080196,-0.038436677,-0.013627834,0.03199511,0.0017314368,0.017954461,-0.024914706,0.028704913,-0.023419645,0.025636315,-0.025187714,-0.032851882,0.037922554,-0.027343253,0.041622136,0.026913192,0.03027195,-0.018890684,0.0192703,0.012541387,0.013640997,0.028535146,0.004245455,-0.019998541
0.011686073,0.00962839,-0.0038220622,-0.01686842,-0.00049119064,0.036271345,0.013412571,0.007666848,0.018439535,0.0006250515,-0.016507523,-0.0013300475,0.039763402,0.03242546,0.03697872,-0.0076880497,-0.059230752,0.024193222,-0.015079235,0.018569399,-0.033581305,-0.039524227,0.03281447,0.030452296,0.012083075,0.015152371,0.011187855,-0.008816888,-0.017374737,0.046656687,0.00448914,-0.009327411,0.01908789,-0.01988522,-0.035395868,0.033343986,0.037755482,-0.021636222,-0.05390272,0.048594125,0.005578315,-0.05540508,-0.009838035,0.040938836,0.005982771,0.019959727,0.026514031,-0.014759556,-0.032770284,0.021651078,-0.019243216,0.05290732,0.0058070403,0.04693586,0.005781415,0.02025225,-0.03910718,0.00861629,0.015369784,-0.016611187,0.02455671,-0.03275481,0.024497647,0.0053785737,-0.028613936,0.016618485,-0.03913742,0.014796098,-0.0011369749,0.025167558,-0.037179966,-0.023882994,0.012207742,0.00039707308,0.027193572,-0.035452023,0.012602197,-0.004566949,0.02475487,-0.03720438,-0.008631475,0.0030449312,-0.05240701,0.016096156,-0.009818614,0.04355313,-0.017260443,-0.015986731,0.019736655,0.007899899,0.002223583,-0.015170377,0.017500697
-0.012761116,-0.03291101,0.02261319,0.00045625024,0.04626795,-0.0014548328,-0.008193667,-0.024594007,-0.044702876,-0.029942216,0.025224986,0.007609161,-0.01833594,0.02799463,-0.0069531514,-0.029780244,-0.0410204,0.0029067204,0.06654361,0.011185895,-0.016828345,-0.0114330845,0.0011617416,0.013458631,0.029566854,0.026827492,-0.006274836,0.011650552,-0.055200737,0.0076056872,0.0068907877,-0.01875946,-0.042804446,0.020856075,-0.004182782,0.0052632336,0.06174441,-0.00938544,-0.030028384,-0.004269559,0.054821808,-0.029048475,-0.030252429,-0.007158807,0.02663968,0.0012063397,0.037237756,0.01738268,-0.035128266,-0.0060755624,-0.04503927,0.007862796,-0.009244,0.015639992,0.01228554,0.024337614,-0.038231142,-0.02090366,-0.061693165,0.032368526,0.017130114,-0.03760348,0.012192716,0.03283152,-0.023760257,0.028817298,-0.05242636,0.04573602,-0.03720749,0.0175898,0.019447522,-0.0076491684,0.022315647,0.019566199,0.04963298,-0.026356528,0.021836007,-0.006641566,0.02914507,-0.006204951,0.007323339,0.05510148,-0.026890945,0.04688035,-0.017925262,-0.0016418475,-0.027568623,0.02698981,-0.024836725,0.03920215,0.022845183,0.002596462,-0.025390685
0.0112929465,0.0051024896,-0.010819902,-0.0006558326,0.0014312114,0.032689095,0.0055129705,0.0067939097,0.0065568993,-0.009676227,0.015062832,-0.0031934965,0.034638558,0.023458278,0.017065551,-0.0044434355,-0.03625523,-0.0118134245,0.005613128,0.016503746,-0.022429807,-0.03246578,0.0054777525,0.015631735,0.005666469,0.0016777331,0.012185145,0.00033569895,-0.0433293,0.020533646,-0.0043729735,-0.022075282,-0.007755611,-0.011690401,-0.013781326,0.036594946,0.027912457,-0.017722202,-0.02989287,0.035805624,0.016808867,-0.035936378,-0.013226716,0.01861421,0.014106988,0.01601067,0.039499998,-0.012462564,-0.0136354845,0.012108784,-0.002731026,0.009450484,0.0055074636,0.02047049,0.02803839,0.011421158,-0.02426219,0.003439534,-0.0031596494,0.011098049,0.018515553,-0.030345827,0.02072419,0.006577193,-0.037196655,0.022499718,-0.02543416,0.009245045,0.002614127,0.027360054,-0.036353134,-0.021590805,0.017396456,-0.0015179894,0.026316015,-0.015216059,0.038530234,-0.016922964,0.013022809,-0.021723222,-0.014229499,0.023414794,-0.031001681,0.03629095,0.012854576,0.041425884,-0.0056184507,-0.0038656883,0.015925193,0.0010010932,0.020255558,0.0030991933,0.0016197278
0.013871799,0.007906308,0.0059140436,-0.036757436,-0.018384581,0.018712359,0.0145472735,-0.0128646,0.014709328,-0.005285532,-0.01834822,0.00031205174,0.055234347,0.017480591,0.027784422,-0.025333876,-0.038517635,-0.02662876,0.009247044,0.011254347,-0.03793029,-0.026281644,0.005839812,0.019405667,-0.00024202117,0.0062064803,-0.0016834586,0.01626738,-0.030192792,0.03762772,-0.01125746,-0.02763337,-0.0071768234,-0.017156795,-0.007251593,0.012799996,0.026816962,-0.018285995,-0.055946063,0.029284993,0.037267257,-0.035796124,-0.023551518,0.009302836,-0.00048084088,0.0013622214,0.03218374,0.0053949375,-0.013523048,0.00471749,-0.03113139,0.034625698,0.004958319,0.018465616,0.029767642,0.016583642,-0.03733389,-0.011677661,-0.0046919687,0.009871678,0.011410779,-0.026693469,0.0033153202,0.0035084053,-0.030720897,0.020147465,-0.030134803,0.014721556,0.012067593,0.0360795,-0.01181481,-0.019302957,0.013276601,0.03166197,0.025314726,-0.018982952,0.04286972,-0.019788902,0.019349713,-0.019738242,-0.006398754,0.008580667,-0.043737303,0.033001833,0.0060539427,0.030011717,-0.009473491,-0.005395245,0.0022388767,0.010206962,0.01401402,0.007533784,0.015480306
0.020220084,0.010034269,-0.01628339,0.0018455812,-0.001350773,0.048334084,-0.0054854574,-0.01629964,-0.009775961,-0.0022295974,0.006275405,0.008882183,0.0063866666,0.029904634,0.0152548365,0.00049719674,-0.015912151,-0.0024960828,0.016942972,0.021935651,-0.02058117,-0.0499712,-0.0040326533,0.027009252,-0.0138246305,0.015542103,-0.00834012,0.020191798,-0.024370374,0.041357674,0.0070707477,-0.016017789,-0.012185545,0.009570307,-0.021523306,0.03788053,0.020491727,-0.025069144,-0.04541879,0.028312087,0.032604758,-0.033304535,-0.0023013817,0.002831072,-0.009100575,-0.012618621,0.03776045,-0.026029943,-0.014606128,0.008359031,-0.028308053,0.0024187574,-0.0077927527,0.028406054,0.04023389,-0.0017716233,-0.0385275,-0.022055564,-0.014113616,0.010773353,0.012494864,-0.023844332,0.012955452,0.009353048,-0.028447006,0.03333036,-0.02625151,0.026290556,-0.016613683,0.038291056,-0.021981513,-0.017066672,0.016695876,0.029109411,0.026259638,0.009083422,0.02453907,-0.020068718,0.014061394,-0.009631019,-0.021954129,0.023235742,-0.012772673,0.045671638,0.019710073,0.06669013,-0.0025317655,-0.0078552915,-0.0015798515,0.017304244,-0.011384839,-0.011110601,0.0031748475
0.0070459596,-0.01581492,-0.010264295,-0.028732395,-0.007235527,0.035152525,0.022763625,0.007890562,-0.015843365,-0.018193716,0.024886576,0.017119855,0.011029651,0.031657036,0.033967663,-0.0068023903,-0.050855685,-0.015205108,0.02038329,-0.00019357167,-0.0026469922,-0.0380637,0.01345065,0.029427445,0.012902415,0.047675554,0.010146067,0.014756455,-0.024064722,-0.010787179,0.023148507,-0.020698555,-0.015313639,-0.02084199,-0.026716586,0.0014420812,0.017459638,-0.020363467,-0.047592353,0.003023645,0.03969018,-0.026277054,-0.0046348837,0.03146287,0.016224444,0.00605369,0.02589518,-0.009179425,-0.06829827,0.012402975,-0.047059864,0.024065185,0.016229108,-0.0103628915,0.0074321358,0.036972202,-0.0090347435,-0.0025622193,0.0040922794,0.018105457,0.0068164715,-0.022671722,0.009913354,0.03241204,-0.059898652,0.03626679,-0.01639509,0.034919303,-0.019810807,0.039369065,-0.03178202,-0.024969395,0.011641792,-0.0043540415,0.04680615,-0.013664351,0.024500445,-0.022620136,0.024534253,-0.0685051,-0.017658742,0.04470019,-0.04079238,0.045418754,0.00037855745,0.018744977,0.004342045,0.011952271,0.00904913,-0.01046239,0.018072702,-0.012026046,0.00014106091
0.036419775,0.02121647,0.04748968,-0.01333644,-0.03320965,0.061429035,0.011157176,-0.015889816,-0.04795866,-0.044873178,0.015048253,0.029421728,0.0150786685,0.005254047,0.024456438,-0.028234582,-0.056263607,-0.024425654,0.03216102,-0.0013226677,0.015438513,-0.025405578,-0.0037345747,0.018532963,0.011558949,0.06864212,-0.004226745,-0.00291192,-0.051214404,-0.0033313858,0.024821471,-0.012610897,-0.018801557,-0.01898045,0.009095005,0.0038137662,0.038158573,-0.04111751,-0.05421186,0.011081528,0.03149027,-0.044097833,0.0017678868,0.019493405,-0.03459141,0.021464095,0.023491053,-0.008693431,-0.037667364,0.009905013,-0.059913702,0.011592298,-0.0076990467,-0.017559098,0.021589665,0.016999071,-0.019204997,-0.03170363,0.0037491417,-0.0029835752,0.01813054,-0.02830739,0.022448739,0.010499591,-0.049943093,0.024765098,0.0042834803,0.04289879,-0.021002196,0.012134098,0.015146729,-0.0034139769,-0.004888743,-0.027392006,0.020358719,-0.035954587,0.0112332525,0.00917368,0.0089311665,-0.028631903,0.003651815,0.046566702,-0.020053184,0.07157978,-0.012782786,0.056776054,-0.02566379,0.04267602,-0.0053527374,-0.005861856,-0.00031669904,-0.039722975,0.031310067
0.00023567444,0.013523548,-0.010004316,-0.01824741,0.010274888,0.059778523,0.030785155,-0.012625337,-0.014176641,-0.03392565,0.011657034,0.016563425,0.012385321,0.007371031,0.028955087,-0.031419925,-0.028671946,-0.009906439,0.0475088,0.012861928,-0.016334845,-0.035075255,-0.001934036,0.034169383,0.0044479915,0.041821945,-0.005519068,-0.0015245385,-0.008388936,0.02670189,-0.006269698,-0.026407467,0.014495522,-0.029738983,-0.033799466,0.0417814,0.029836891,-0.020699833,-0.086492814,0.027391836,0.009893746,-0.031727497,-0.008370141,0.00069761823,-0.013102167,-0.034822404,0.024738671,-0.010694662,-0.037329093,0.0025939518,-0.062198758,0.020881064,0.011636872,-0.0018658951,0.040146854,0.02066348,-0.030545417,-0.0080933,0.015227174,0.03476615,-0.0035810242,-0.035276998,0.022432802,0.024673337,0.0111465305,0.020786619,-0.014009671,0.019538278,0.0046069967,0.00086373254,-0.030066885,-0.0032829542,-0.000551464,-0.021171419,0.02810742,-0.019720724,0.0004041325,-0.019869015,0.030018643,-0.020422705,-0.022157086,0.004516027,-0.011026932,0.027817355,0.020444376,0.020902148,-0.008840095,0.03074468,-0.004818451,0.016705837,-0.005463881,-0.025294889,0.0058821356
-0.0018870129,-0.0013474842,0.014029786,0.0015748698,-0.0058667012,0.031463604,0.024312388,0.025839718,-0.034650158,-0.01013185,0.014732881,0.013433503,0.020261759,0.04124108,0.028335316,0.008980793,-0.03245786,0.014015372,0.010301064,0.0019542605,-0.001526782,-0.022401001,0.0027059284,0.008301214,-0.028958896,0.036827695,0.010000216,-0.0044622,-0.020384233,-0.0073731323,0.0043834876,-0.020607628,-0.0025858202,0.021263292,-0.03296165,0.028972333,0.032551743,-0.007692224,-0.04836025,0.0059706345,0.020264534,-0.030189503,-0.0003885459,0.03172734,0.0072134095,0.017994689,0.0044798385,-0.015339259,-0.065618806,-0.0008479495,-0.023465293,0.040185697,-0.01088081,0.015340147,0.035157856,0.04045955,-0.043253127,-0.0156215625,-0.0044581,0.013504462,0.0040867883,-0.035839338,0.028552793,-0.009096711,-0.024377948,0.013860925,0.0006742532,0.039460197,-0.024089558,0.027534042,-0.04584045,0.0025208073,0.0051772143,-0.004244587,0.030595135,0.0017327556,0.031175522,0.0013762732,0.0438072,-0.028074138,-0.011042594,0.061003864,-0.019908974,0.029191505,0.023292629,0.015637694,-0.009649,0.013924664,0.022546357,0.034196768,0.009862033,-0.015736567,-0.002071482
0.009959127,-0.005359764,0.020873472,-0.020408064,-0.0037951698,-0.00953378,0.024864152,0.012271059,-0.03510195,-0.030182438,0.03531827,-0.012249233,0.02467405,0.03461179,0.031798173,-0.022566753,-0.056040365,0.0109749315,0.03192274,-0.019101962,0.026382064,-0.029131072,-0.008738882,0.026237275,0.025581269,0.02947213,0.01821572,0.013775932,-0.034879223,-0.0046199267,0.0009672825,-0.023413152,0.009198614,-0.0013462232,-0.031259935,0.0007595865,0.04329215,-0.025940122,-0.07170091,0.016994713,0.053500473,-0.03489025,-0.05477872,-0.02236103,0.020500062,0.002652921,0.026208324,0.011395639,-0.03052409,0.014315406,-0.022312947,0.008770722,-0.02183467,0.00013517309,0.009095616,0.041193727,-0.024177514,-0.022750497,-0.026376387,0.027773362,0.011443509,-0.0518604,0.03214536,0.023495078,-0.022527393,0.015939621,-0.011536145,0.033986993,-0.036709517,0.005083707,-0.017792424,-0.036436535,0.014609784,-0.011150124,0.024930548,-0.03845033,0.03289301,-0.033171784,0.051559314,-0.014450527,-0.0050600595,0.06632721,-0.053322706,0.0579861,-0.016711487,0.0060377484,-0.016618477,0.038642168,-0.041895255,0.026526283,0.039764192,-0.00516151,0.01098722
0.0068380847,0.015870282,0.04544486,-0.035224885,-0.01887243,0.050050646,-0.0048540505,-0.038029443,-0.025309073,-0.044261843,0.023974769,0.0014572422,0.027911192,0.014097138,0.0075137727,-0.014002019,-0.01399996,-0.010313212,0.05896453,-0.022201912,0.018610142,-0.009998741,0.008926482,0.017282622,0.040662106,0.061298873,-0.007195218,0.013073153,-0.020771265,0.02002896,0.005279791,-0.006387623,-0.014384574,-0.016341152,-0.019434417,0.0087276455,0.07107188,-0.027006246,-0.06010709,0.04457525,0.028703135,-0.014997739,-0.028438883,0.0013748679,-0.022338776,-0.016736696,0.056730967,0.004387905,-0.015207057,0.0033928864,-0.05721607,0.0044559245,-0.011990183,-0.02527215,0.005241255,0.01869257,-0.041002333,-0.012848076,-0.010223424,0.018713513,0.013632977,-0.04146667,0.029803488,0.03245189,-0.011577167,0.042821057,-0.02868507,-0.011158775,-0.020575661,0.020558635,-0.005509766,-0.016642217,0.005109021,-0.0523102,0.03250833,-0.0401395,0.020096531,-0.02643771,0.037721425,-0.0050162766,-0.019948358,-0.0163351,-0.016222011,0.067958176,-0.0046749054,0.023429228,-0.007517348,0.02750761,-0.021220377,-0.00030052662,0.010365781,-0.0021727874,0.046482254
0.0017601568,-0.000775236,-0.010593047,-0.018088594,0.006464208,0.022375533,0.018550558,0.017839326,-0.042173702,-0.0112637635,0.01597969,0.013289815,0.024177127,0.012408262,0.03203203,-0.013024568,-0.019391462,-0.01765453,0.040865675,0.0105200615,-0.0076557905,-0.02188569,0.00071540556,0.021318816,0.011856947,0.018222013,0.006436763,0.014166785,-0.030239448,-0.00029232632,0.0005396427,-0.025966141,-0.0119213145,-0.0040417113,-0.037354708,0.022329068,0.02250919,0.0028359422,-0.039690796,0.033185743,0.0463782,-0.01984795,-0.052226655,0.024393138,0.027771598,0.009072984,0.0390936,-0.021552388,-0.025811885,0.011722985,-0.03208579,0.017836215,-0.008602684,-0.015762558,0.02684977,0.031593136,-0.020064415,0.005223888,-0.01315023,0.022686278,-0.003348487,-0.043696515,0.013658815,0.009312668,-0.02277451,0.034733176,0.0096994275,0.046420503,-0.023298416,0.03523956,-0.03812715,-0.019539874,0.016864419,-0.025128657,0.051226627,-0.021599023,0.033117644,-0.037400518,0.050265566,-0.055364147,-0.02889681,0.031000208,-0.03839535,0.052287877,0.0121357385,0.008317383,-0.013614474,0.0120032085,-0.019279996,0.005469902,0.030344242,0.008191667,0.014332569
0.021909313,0.0039575137,0.0139212925,-0.017204171,-0.013065405,0.042225234,-0.01881961,-0.033193998,-0.0020691825,-0.012761155,0.022138452,0.026305873,0.001935556,0.001753213,-0.000608202,-0.029354027,-0.015480666,-0.009473003,0.0655485,0.010337698,-0.029801467,-0.0019059586,0.025090922,0.024427598,0.014531011,0.014324758,-0.021767825,0.012526155,-0.030399846,0.023377515,-0.018961556,-0.012749962,-0.037232842,0.0094930725,-0.013974152,0.04707343,0.011827605,-0.04696907,-0.04130072,0.04312758,0.044907857,-0.041724693,0.004332929,0.014989395,-0.016789453,0.0069141607,0.037838493,-0.0105883125,-0.0033933362,-0.006728884,-0.06865388,-0.0014932405,0.012998367,0.01900439,0.01923755,-0.011211626,-0.031428296,-0.008522356,0.008037597,-0.001599439,0.008734053,-0.04207887,0.025094781,0.0010205876,-0.011421924,0.030869303,-0.014564858,0.02543121,-0.013764793,0.022197446,-0.015339263,-0.016295804,0.012603023,-0.023185402,0.035459347,-0.034067586,0.009262059,-0.015695062,0.00093583734,0.0069834944,0.006987488,0.022475537,0.00013617426,0.058687508,-0.018422343,0.052726317,0.0023839877,0.010574325,0.008396094,0.005845443,0.025646623,-0.030332426,-0.008089536
0.015165936,0.0076913396,0.0056452877,0.0005772672,-0.0026126811,0.037840653,0.011406913,0.0019173981,-0.00594238,-0.03569741,0.012048142,-7.470045e-05,0.025206206,0.019109363,0.015427008,-0.021664232,-0.01603287,-0.026129108,-0.005879532,0.0053768368,-0.016423859,-0.039941136,-0.021420622,0.022134997,0.0065373154,0.03933312,0.027255107,0.0006862375,-0.033282567,0.01536141,0.01188363,-0.0012418389,-0.01476468,-0.014953594,-0.022173,0.025227793,0.032135878,-0.019332742,-0.031981185,0.026450362,0.023988243,-0.037479736,-0.0047766333,0.012625528,-0.00050540915,-0.00072486687,0.026785389,-0.025947763,-0.029938778,0.004810422,-0.03788897,-0.008316724,-0.01775959,0.012193088,0.022839757,0.020752443,-0.03444888,-0.022886343,-0.028946875,0.0055362075,0.011920065,-0.032988258,0.03464258,0.017358076,-0.033884127,0.02534596,-0.012237178,0.031711213,-0.0317305,0.051829208,-0.019228376,-0.011016534,0.0134586515,-0.0009691815,0.008414531,0.007371605,0.02147594,-0.0153966285,0.04828454,-0.017330088,-0.005835491,0.056691818,-0.027029984,0.036819883,-0.0059835846,0.06467047,-0.010072336,0.016149098,0.0077464595,0.011170006,0.008292363,-0.023764547,0.01761943
-0.007182894,0.0106015,-0.026178986,-0.020008579,-0.0035163728,0.031057376,0.026590198,0.01076586,-0.011275428,-0.021154763,-0.005960808,-0.01718124,0.052752506,0.0351818,0.020033166,-0.0019306651,-0.04943954,-0.008788244,0.02004189,0.0050985017,-0.031125395,-0.010260415,0.0064107473,0.02581155,0.0072002276,0.014800471,0.009919957,-0.0016029845,-0.035198573,-0.030614223,0.019789467,-0.013584537,-0.008480364,-0.0036769577,-0.024463413,0.018357055,0.019493409,0.0048712944,-0.043277215,0.01828744,0.0362208,-0.025813973,-0.0078942785,0.035018884,0.039726485,0.026081279,0.03488325,-0.006646459,-0.015157484,0.024347676,-0.017597025,0.037426036,0.011084861,0.03202606,0.020240292,0.021218827,-0.008359275,0.002478965,0.018424781,-0.015261402,0.020179415,-0.037921347,0.028402036,0.027697764,-0.053927053,0.0321219,-0.021956023,0.02401868,-0.019661916,0.048873913,-0.04917762,-0.02584911,0.031956866,0.0020052409,0.03702015,-0.039559912,0.012309604,-0.036773503,0.029251823,-0.04614231,-0.0041606817,0.02677239,-0.04132391,0.04427493,-0.0018274708,0.041754123,-0.024534164,0.003234082,0.016781535,-0.004716369,0.04470117,0.0099059865,0.00947163
0.019295543,0.031317044,-0.013279788,-0.020432109,-0.011983668,0.030677998,0.019359915,-0.024002796,-0.012818636,-0.022278415,0.0044449084,-0.018709205,0.018713709,0.025205458,0.02916362,-0.012195728,-0.011774106,-0.0051424424,0.010034101,0.009899075,-0.011737776,-0.04220078,-0.0050901184,0.016376117,-0.0033907476,0.030453714,0.014587742,-0.012767575,-0.021093508,0.020034889,0.006318414,0.017505256,0.012370221,0.0032188967,-0.0146609815,0.03395998,0.018443018,-0.03578719,-0.043489344,-0.010069682,0.02260314,-0.04793502,-0.015505924,-0.009558369,0.020981273,-0.011574849,0.009994651,-0.009659142,-0.003729369,-0.0065566506,-0.028783059,-0.0020920995,0.0049300613,0.013723819,0.021406334,0.029711582,-0.030150533,-0.010472167,0.0032445004,0.011266799,0.012453443,-0.01668579,0.01776416,-0.003172683,-0.029182073,0.016546285,-0.025349341,0.019460874,-0.012561768,0.03448448,-0.028870314,-0.010429564,0.018755343,0.014598375,0.012895356,-0.01685929,0.024629673,-0.031499043,0.054155752,-0.030348891,0.0010292303,0.06796845,-0.013937617,0.030456107,-0.0075138956,0.043074828,-0.004357029,-0.0017491562,0.009910433,0.0075285654,0.0043569123,0.0019212472,0.011376986
0.0015720312,-0.00093157,0.0013050244,-0.015916448,0.010628505,0.01798358,0.003374806,-0.006739913,-0.027863858,-0.0083139185,0.0028144992,0.021065619,0.0062410934,0.022592466,-0.008556446,-0.012455685,-0.018542985,-0.0050186375,0.06054426,0.026672922,-0.0050301547,-0.006557538,0.010372189,0.019901032,0.0025559831,-0.004561195,-0.009766714,0.007819762,-0.044280156,-0.011531556,-0.024706269,-0.01087799,-0.020030078,0.01959299,-0.0180215,0.04504051,0.030018767,-0.033567034,-0.039675765,0.045126013,0.03391413,-0.028726764,-0.0066065583,0.019163087,0.0076066763,-0.002989302,0.05591356,0.00201179,-0.010810461,0.006033237,-0.045262925,0.022764571,0.028003361,-0.006552204,0.02589425,0.009032184,-0.02003602,0.009045701,0.0012733864,0.008990892,0.008722715,-0.031175788,0.006153012,0.0064790067,-0.010793357,0.03732989,-0.020534264,0.01978246,-0.02229645,0.03242569,-0.020082565,-0.0007224957,0.021221029,-0.018055502,0.046848483,-0.029548218,0.036029875,-0.031524304,0.0042493013,-0.0137329,-0.026044665,0.017907774,-0.021860605,0.04514502,0.008076974,0.021111537,-0.012054407,-0.011583868,0.0013597804,0.016065177,0.024194948,-0.018393476,-0.0040830397
-0.0063302433,-0.0017828541,0.013772053,-7.734448e-05,0.011754925,0.015255638,0.013037233,0.012498335,-0.031740855,-0.019654633,0.005588582,-0.0042282986,0.023062933,0.02282478,0.015716916,-0.0045012045,-0.03631487,-0.01624238,0.03372161,0.01693084,-0.015483034,-0.03466205,0.00040492506,0.009797166,0.0060583046,0.0070739365,0.012332515,-0.0044430248,-0.025151074,-0.0049895872,-0.0021419865,-0.022976296,-0.017107505,-0.008788061,-0.010854194,0.022388974,0.029467847,-0.014290643,-0.031861212,0.031639915,0.032461923,-0.03234933,-0.03352211,0.024266608,0.012158741,0.0073277843,0.058780223,-0.0019392114,-0.02318136,0.017921025,-0.02768226,0.00803453,0.00050890626,0.0038931766,0.016858218,0.009677714,-0.029454323,-0.008619749,-0.015360985,0.0075684735,-0.00045792662,-0.015872715,0.012450398,0.018184274,-0.028296748,0.03625619,-0.0073891557,0.02409509,-0.023407618,0.034934927,-0.018038802,-0.012961139,-0.004512879,-0.019534022,0.02759243,-0.008327358,0.043642733,-0.015632724,0.038726397,-0.011946567,-0.019574486,0.02885962,-0.027803656,0.041446354,0.007383693,0.028551724,-0.008813004,0.013910037,-0.0060981885,0.013924312,0.024108488,-0.00581219,0.015257981
-0.013570055,0.0073073213,0.016259791,-0.07100737,0.017650748,0.025239171,-0.0025261103,-0.022804303,-0.019560877,-0.049212214,0.010490113,-0.0033568027,0.013358584,0.0071684085,-0.0034406162,-0.02332709,-0.024766628,-0.028677616,0.058121312,-0.0037678655,-0.03759191,-0.023073789,-0.013592538,-0.0058723795,0.01593068,0.042283032,-0.021822916,0.027694663,-0.022049269,0.03582833,0.0150064975,-0.02689701,-0.01567048,-0.008963751,-0.0183078,0.017333532,0.0442043,-0.013521644,-0.053165622,0.01725341,0.025552584,-0.021746231,0.010205042,-0.018365206,-0.007244505,-0.018491399,0.031988133,-0.0036932155,-0.03368435,0.0063909725,-0.06498297,0.013700945,-0.0093616005,-0.011238672,0.011824345,0.0226593,-0.048560474,-0.016661227,-0.009943549,0.03189905,0.0045358273,-0.02051638,0.012297034,0.034411468,-0.023661604,0.0638992,-0.043222077,0.04001422,-0.004198042,0.020467268,-0.0003077872,-0.028649174,0.01167937,0.010001985,0.018277053,-0.03441866,0.03233304,-0.011591498,0.038750555,0.0023231576,-0.005879383,0.02447584,-0.021367464,0.056271303,0.010392668,0.012590511,0.012376789,0.022231588,0.0064759105,0.022398552,-0.009386079,-0.008661221,0.005256269
-0.0006497329,0.0017478355,0.0054427725,-0.0032959015,0.003330677,0.014035914,0.024522426,-0.00026554638,-0.0140337655,-0.011552685,-0.01187532,-0.009809883,0.032745264,0.016448695,0.02638636,-0.015795246,-0.02995989,-0.005678034,0.032541994,0.011990313,-0.036574144,-0.029203787,-0.0021296027,0.03200911,0.0016135422,0.009645243,0.0006777918,0.010327126,-0.025539503,0.0048222854,0.0033806844,-0.01800906,0.009658582,-0.011835187,-0.009622328,0.020187968,0.02587912,-0.020493262,-0.040217355,0.02380086,0.025264217,-0.036392517,-0.028216938,0.0056314603,0.0013313993,-0.00010152208,0.05814404,-0.011534977,-0.024106074,0.022904404,-0.018412702,-0.0016125864,-0.00037891694,-0.0043946872,0.017322658,0.012831727,-0.02459949,-0.012633071,-0.0072715194,0.010552435,-0.006893695,-0.033143256,0.012837123,0.0047001718,-0.02885367,0.015615426,-0.008861515,0.014855925,-0.02184782,0.014300838,-0.0021173102,-0.023328139,-0.009116015,-0.02184574,0.02527196,-0.011012787,0.028269568,-0.024252396,0.043841217,-0.010509043,-0.0117682265,0.028855778,-0.03954876,0.043556098,0.014154577,0.03463826,-0.007767696,0.010711534,-0.011007431,0.01998144,0.023431653,-0.0060391333,0.020626051
-0.003061937,0.009794174,-0.0032126901,-0.01187641,0.007916452,0.012250733,0.0048602363,-0.0007280725,-0.024278892,-0.021039048,0.0067746835,-0.003689698,0.029442355,0.00509733,0.011971949,-0.007496956,-0.02311283,-0.014953723,0.044423264,0.014160609,-0.015000386,-0.011746824,0.0017518528,0.03289196,0.023839343,-0.0020162398,0.009960659,0.0067166225,-0.040196255,-0.016651748,0.0021429476,-0.020491572,-0.0103304805,0.0050383434,-0.023752522,0.03565234,0.023838347,0.010191967,-0.028447904,0.032803122,0.04409524,-0.0024561163,-0.029486604,0.03366798,0.029229049,0.0065606646,0.059272986,-0.0076796426,-0.0062851617,0.013247209,-0.016734734,0.022414096,0.012644375,0.0026510071,0.028469395,0.012017928,-0.019895209,-0.0060698963,-0.00620917,0.0018767674,0.0045816987,-0.04125204,0.026991667,0.0075022625,-0.01854658,0.024185719,-0.01340436,0.03191741,-0.03137721,0.040429313,-0.017377457,-0.029810747,0.011838252,-0.018607503,0.0463208,-0.023794938,0.029985772,-0.041635547,0.049198862,-0.017200798,-0.019933987,0.017764209,-0.02585824,0.0620425,0.016676096,0.025124867,-0.020849118,-0.0009326429,-0.004638595,0.00873087,0.03664163,0.015612766,0.006337851
0.017561702,0.013624647,-0.01264836,-0.018385343,0.014962076,0.03450945,0.010462991,-0.048682053,-0.008756588,-0.030207735,0.014425388,0.009866206,-0.007365697,0.013348504,0.024445148,-0.029462414,-0.017764788,-0.0035624437,0.062679134,-0.004203561,-0.037024498,-0.042870943,-0.023337377,0.043314803,-0.0036593345,0.02052049,-0.037615255,0.030064866,-0.009072477,0.024482785,-0.013719277,-0.0078277495,0.018758522,-0.009195151,-0.035706036,0.0457634,0.023359437,-0.018098256,-0.056332268,0.050690945,0.024579825,-0.042928383,-0.025494024,0.0023165117,0.0057187174,-0.022734134,0.030644635,-0.010131068,-0.04495952,-0.010708982,-0.047176644,0.011930067,0.006697562,0.00047405434,0.056921527,0.04683887,-0.019868528,-0.018572226,0.0006727985,0.04157077,0.0070460085,-0.051159978,0.021149738,0.009504723,0.004695303,0.0087953145,-0.026834771,0.040867783,-0.016390434,0.023172656,-0.015943205,-0.012076732,0.0233783,0.00603464,0.024018291,-0.01993299,0.014286228,-0.0320679,0.028800974,-0.026189316,-0.018237635,0.024585985,-0.030204061,0.025562331,0.02667477,0.012081694,-0.029495675,-0.004911344,-0.033787627,0.030681051,0.0023947181,-0.02796792,0.016487349
0.0052912566,-0.010461577,-0.004545943,-0.0052306736,0.027947044,0.02149744,0.00159975,0.005620026,-0.014762482,-0.035201892,0.014523207,0.024303453,-0.012627917,0.014610335,0.020823726,-0.02628413,-0.023659496,-0.013266762,0.05843608,-0.0012356242,-0.034306966,-0.030022731,0.008611653,0.0051600626,-0.0027600261,0.015830206,-0.009962894,0.011098628,-0.030055776,0.015437678,0.0032901636,-0.024220437,-0.03057618,-0.0030519047,-0.01228735,0.022719204,0.038206954,-0.0071900245,-0.042927057,0.03270456,0.042642634,-0.014358433,-0.0002826322,0.023324354,-0.00017118268,0.013755139,0.042684995,-0.006994,-0.0439591,0.006674681,-0.0445128,0.0007305917,0.005104285,-0.00913336,0.025196584,0.0036859643,-0.03899885,-0.028019996,-0.013221644,0.020263229,-0.00913412,-0.017293932,0.017072273,0.012405684,-0.019988809,0.03198006,-0.00990037,0.03158788,-0.01105748,0.027079895,-0.008300352,-0.032100353,-0.005100325,-0.016224321,0.03903774,-0.008488725,0.030383486,-0.0048790886,0.013807916,-0.021873506,-0.019180274,0.036403995,-0.020846903,0.04141271,0.016341828,0.01126838,0.0015842832,0.013697068,0.011587721,0.020024357,0.008461841,-0.010421062,-0.012238445
0.008961439,0.024359,-0.018715953,-0.024884874,-0.022134272,0.04689394,-0.0018181595,-0.0010280482,-0.027316412,-0.0035462612,-0.0077931876,-0.010571624,0.015445911,0.03797894,0.024503527,-0.020866856,-0.04208444,-0.014025336,0.0062502404,0.024196764,-0.0140892975,-0.032025494,0.0065685646,-0.013970863,0.0024289058,0.013284845,-0.008876946,0.0016783162,-0.026930235,0.018485146,0.0056801573,-0.019454502,-0.011744252,0.015121609,0.0011536251,0.014656026,-0.0024458047,-0.025418641,-0.024050836,-0.0006144307,0.029307097,-0.054553334,0.011132602,0.01311331,0.018338505,-0.0037085244,0.0065642213,-0.0031640984,-0.0038327405,0.0012839606,-0.028912999,-0.011535485,-0.013043903,0.06012571,0.015643729,0.02305139,-0.036558867,-0.017345073,-0.022293646,0.01515479,0.021346847,-0.028921295,-0.019861626,0.029327393,-0.022185296,0.025547933,-0.038977522,0.00020766631,0.007235429,0.03847754,-0.021023225,0.019850004,0.023262542,0.04731662,0.00970205,-0.009030959,0.033101436,-0.0105598625,0.010542673,-0.01844148,-0.014265942,0.05669722,-0.02990274,0.04483491,0.010503194,0.03513733,0.027198434,-0.003960304,0.0035869954,-0.007800279,-0.0068983124,-0.0061033037,-0.008035403
0.0018219933,0.00118996,-0.0016674054,0.004648392,0.01339436,0.038296193,-0.00034479052,0.01750702,0.011901568,-0.010596655,0.013383402,-0.008822588,0.037309673,0.025986828,0.014077783,-0.00023964373,-0.032460168,-0.006025612,0.00949847,0.016133755,-0.03146752,-0.024475593,0.013127683,0.019207992,0.010175076,-0.0005457494,0.03594039,0.0056410506,-0.043273132,0.026359247,-0.001981593,-0.031504452,-0.015880315,-0.009469902,-0.024461336,0.041637316,0.030012676,-0.012470765,-0.037660435,0.041514423,0.0051187575,-0.029711718,-0.009444912,0.022925166,0.017192548,0.023501936,0.06192841,-0.020026892,-0.022499504,0.028871017,-0.01560761,-0.0009054707,0.0015573396,0.033238575,0.02041943,0.013027391,-0.045641195,0.0011729453,-0.0049975403,0.01665497,0.011041093,-0.04069613,0.011330861,0.015510221,-0.027313218,0.042894267,-0.0347226,0.015430144,-0.006562452,0.020432431,-0.038407173,-0.02882518,0.006704295,-0.0038857618,0.009251309,-0.006979911,0.029396228,-0.022255706,0.028551558,-0.0213766,-0.0145052085,0.034024388,-0.03622641,0.034602303,0.019659285,0.039260622,-0.0001425515,0.00030522607,0.00807934,0.01057583,0.009049875,-0.0036337178,0.004604231
0.021586034,0.022455115,-0.003995928,-0.018341612,-0.014435277,0.06172848,-0.006540481,-0.01848371,-0.002455428,-0.030186493,0.017879808,-0.0085332915,0.039046854,0.008415247,0.012252291,-0.0018731464,-0.009068375,-0.011013272,0.0027561602,0.024311481,0.007739039,-0.03815872,-0.0096641565,0.017993176,-0.006310554,0.024901783,0.00644657,0.003642869,-0.033400547,0.02553458,0.015009806,0.0056022303,-0.0025996591,0.003965398,-0.010668069,0.02092568,0.018015219,-0.02396869,-0.04948795,0.007135963,0.021325018,-0.03359183,-0.012443647,-0.0036366403,0.019135851,-0.027470654,0.013715406,-0.008449755,0.013295277,0.00048468073,-0.03758605,-0.0029976203,0.005937021,0.009000497,0.023670375,0.013742077,-0.033050757,0.0018594477,0.0020936297,0.008451372,0.024079809,-0.012040411,0.0063702255,0.0026129442,-0.028168943,0.023535363,-0.024226097,0.015625386,-0.021644052,0.045678843,-0.028078297,-0.0039728894,0.022358403,0.0091607,0.027461575,-0.02488381,0.015544625,-0.032795057,0.040300168,-0.027571939,-0.015614264,0.05260642,-0.007602789,0.04912319,-0.012590246,0.056191415,-0.017607195,-0.0045710374,0.023271322,-0.0071647507,0.004006736,0.001810134,0.006856291
-0.00051356334,-0.0021433248,0.0013135595,0.00015846081,-0.013785203,0.052604597,-0.032432813,-0.002643154,-0.010606755,-0.025498908,0.015764806,-0.007890531,-0.0023894226,0.021354022,0.011173968,-0.008500456,-0.02747769,-0.02410175,0.02472127,0.019072518,-0.013224062,-0.030542541,-0.007733082,0.01892864,0.0006055277,0.0071327463,0.013103184,0.010831613,-0.04424636,0.016033633,-0.011581009,-0.0013249136,-0.014350377,0.0041475003,-0.014519461,0.018089533,0.0210176,-0.03235658,-0.036255434,0.015735663,0.054876037,-0.018806104,-0.0038171345,0.008093914,0.02447115,0.0050138775,0.026494356,0.002009525,-0.020381212,0.019506821,-0.021514492,-0.0019609148,-0.006227772,0.029326066,0.024590736,-0.014584956,-0.037656836,-0.007940122,-0.03768153,0.005566682,0.008111556,-0.027988886,0.01501813,0.010551367,-0.018596893,0.025024297,-0.015891362,0.03456981,-0.03478823,0.04680266,-0.027345842,-0.0071832347,0.02571918,0.017813895,0.031117091,0.00079692324,0.029467873,-0.017114488,0.031236203,-0.005352727,-0.027756035,0.04523312,-0.019828673,0.040685575,-0.0032429306,0.05833565,-0.020041218,0.007146538,0.016255114,0.0045126798,-0.0008214487,0.001914643,0.007280247
0.0016113999,0.012049312,-0.003577664,-0.017536102,0.022955962,0.02428824,-0.004615956,0.0056207706,-0.029693816,-0.037850495,0.012177333,-0.0077120084,0.006031764,0.009130329,0.008183806,-0.012198775,-0.035947837,-0.018515624,0.019308064,-0.015890986,-0.035516165,-0.016917124,-0.01462088,0.0034609411,0.0243533,0.004922045,0.008762394,0.032859683,-0.021611895,0.021174144,0.0050385594,-0.012182075,-0.01666966,-0.015495934,-0.015497193,0.008178268,0.059957776,0.0043699704,-0.061799873,0.033238985,0.02182122,-0.008232895,-0.03256763,0.022688987,0.037614804,0.030030027,0.023056073,-0.008684407,-0.04644074,0.02660332,-0.040628586,0.015051197,-0.009328366,-0.0036756669,0.004967436,0.035960257,-0.062625185,-0.021170698,-0.030023592,-0.012890355,0.01033374,-0.04289294,0.026146343,0.020517278,-0.013133898,0.039556023,-0.01708511,0.007226034,-0.046487495,0.022967981,-0.032933928,-0.050534666,0.0095011555,-0.015563062,0.02688484,0.015341386,0.026957879,-0.0020235488,0.050383102,-0.0357585,0.008379028,0.025478974,-0.034119345,0.061431613,0.014093818,0.033337098,-0.020206919,0.032964885,-0.011288638,0.009926606,0.02334514,0.018065758,0.039679118
-0.0010713157,0.009620571,0.01785851,-0.010391202,-0.009893344,0.01409969,0.011395305,0.0017146755,-0.020833554,-0.028284095,0.015778964,-0.009042235,0.020276794,0.03309058,0.018543247,-0.025463715,-0.029989664,-0.008219252,0.026734503,-0.0028657536,-0.0063190996,-0.034447894,-0.010215474,0.026221791,0.0027633975,0.02810845,0.009982139,0.008925685,-0.030261459,0.0062384554,-0.009897658,-0.009244322,-0.003849429,-0.0034077202,-0.02506724,0.015176868,0.022555724,-0.014412135,-0.0507911,0.019765034,0.0381095,-0.025802357,-0.03371291,-0.0021868108,0.007101749,0.0074422336,0.026689269,-0.0131757865,-0.02859352,-0.0017461308,-0.017837029,0.0033396657,-0.016132634,0.010643566,0.031725064,0.03088546,-0.03561927,-0.025353353,-0.026196213,-0.0039306576,0.0081521105,-0.03244611,0.020300284,0.015399276,-0.025392486,0.02188767,-0.00942676,0.03436535,-0.028165555,0.028172782,-0.020622743,-0.032661207,0.00783945,-0.008145254,0.019102413,-0.0058943923,0.034343973,-0.01558046,0.044322863,-0.018267307,-0.0059621017,0.07024551,-0.023207324,0.02349582,-0.0029393388,0.050563753,-0.017104896,0.015773416,-0.0017410266,0.025651883,0.022325123,-0.0025797847,0.023963584
0.0076234294,0.0016811516,0.029935287,0.014623822,-0.019619197,0.015585363,0.0071883425,-0.0047821943,-0.021119429,-0.007960936,0.012335474,-0.011388193,0.01376233,0.03198922,0.012204003,-0.031032113,-0.06278845,-0.027338669,0.037726212,0.02116903,-0.0099339,-0.021571497,0.0023297663,0.03748779,-0.017864982,0.029377576,0.011736302,-0.007111316,-0.028889796,0.000397047,0.008589168,-0.0135799665,-0.026522163,0.0039964523,0.0063276454,0.0014170529,0.0095231095,-0.031420685,-0.04579746,0.021957174,0.045449857,-0.047794998,-0.020603523,0.008079312,-0.0162066,0.016017674,0.0050149476,-0.0018803679,-0.03769116,-0.0038783876,-0.023669865,0.0023286701,-0.002706538,0.0017902781,0.039431687,0.029263558,-0.029568307,-0.050057806,-0.020716323,0.00092062703,0.001680651,-0.04015604,0.0069322037,0.025447875,-0.013633547,0.0011456902,-0.0029771128,0.03365532,-0.009522169,0.035148714,-0.0056661135,-0.011580649,-0.0011762002,0.005593601,0.05008166,-0.027066067,0.023568885,0.0063075814,0.024712188,-0.018412435,-0.016139625,0.068674766,-0.035685387,0.034419667,-0.010256707,0.02804085,0.0046911086,0.029672958,-0.0014933005,-0.004914343,0.026451694,-0.016304381,0.0065313247
-0.0022586398,0.005565177,0.0125658335,-0.007725635,0.009302661,0.04424005,0.020850595,0.017110674,-0.027421707,-0.03784451,0.0027608357,0.012021333,0.028776068,0.024991343,0.022392642,0.007998527,-0.02091647,0.013363751,0.02067699,0.0060808198,0.008279533,-0.029468933,0.00625426,0.021266948,-0.024107613,0.035519276,0.00803055,-0.015588921,-0.02390947,0.0020243935,-0.0022236137,-0.010924433,-0.00065801607,0.021369575,-0.028582796,0.03630298,0.03377132,-0.011754154,-0.06281207,0.038654424,0.009709854,-0.039037503,-0.0005479138,0.035137493,0.0040934035,0.0009033929,0.0262697,-0.0115225,-0.032508723,0.011189039,-0.03675883,0.0465381,0.004912725,0.0032732966,0.030426748,0.019606365,-0.013752717,-0.003187329,0.006362809,0.0068435506,0.014450997,-0.022298804,0.0404299,-0.026604148,-0.02179239,0.015448603,-0.012013149,0.038756773,-0.0117109,0.021665722,-0.030425498,-0.014268684,0.011542244,-0.037021235,0.04194101,-0.015998138,0.018415816,-0.005049633,0.026468359,-0.037930023,-0.008992096,0.0465911,-0.012721546,0.033215906,0.0064459573,0.03300118,-0.008485222,0.0068448,0.036151502,0.016935488,0.01159153,-0.013695819,-0.0009632187
0.011727975,0.020827131,-0.0107249785,0.0027512587,0.02074632,0.03470821,0.011502214,0.014647783,0.00087443716,-0.016045162,0.01717112,-0.00043833625,0.024981044,0.023759443,0.035086937,0.00039703303,-0.0328745,-0.006235311,0.00509435,-0.00501193,-0.042806618,-0.046480346,-4.5737717e-05,0.028334742,-0.002256719,0.011898628,0.01185362,0.002230215,-0.0050415415,0.026719285,0.0034967985,-0.0012649123,0.009692001,-0.011845852,-0.024771044,0.025950665,0.04100849,-0.013053567,-0.03484069,0.028879235,0.01586397,-0.013121311,-0.010439265,0.014377638,0.022566626,0.017606473,0.018376019,-0.027934147,-0.024958508,0.0034414125,-0.02192826,0.016823113,0.002155528,0.01616368,0.04056905,0.023144672,-0.04097865,0.00531598,-0.016340612,-0.0048185233,0.01785427,-0.038203627,0.04358418,-0.00608056,-0.018518483,0.020281518,-0.033484343,0.034249816,-0.028342675,0.036616955,-0.03806097,-0.0058929035,0.015034579,-0.02371029,0.03462112,-0.008646422,0.03095058,-0.008464679,0.03715059,-0.024062503,-0.005170247,0.025046857,-0.027478067,0.040865973,-0.0008188005,0.053987756,-0.027366621,0.0019550289,0.0035922485,0.018534252,0.008232108,-0.00360953,0.0062266807
-0.008677186,0.01590047,0.0010589651,0.028728934,0.029154858,0.022417685,-0.021860726,-0.02169639,-0.039937466,0.006361123,0.017799066,-0.011895272,-0.020064589,0.02668493,-0.009040242,-0.02238624,-0.0012197098,-0.018654428,0.05108675,0.01390771,-0.05071353,-0.025954977,-0.0028890579,0.01150614,-0.023960408,-0.009463894,-0.01935389,0.03712917,-0.017715422,0.014226447,0.002013783,-0.031750154,-0.010338848,0.0039914935,-0.019476747,0.026496243,0.04799935,-0.017647212,-0.0144433575,0.023811365,0.030564174,-0.022820245,-0.03658644,-0.0019124276,0.01073123,-0.01839824,0.03077663,-0.015383762,-0.038903438,0.0162055,-0.013318787,-0.0018436841,0.01658897,0.027408555,0.035451233,0.033200245,-0.04491032,-0.0049888324,-0.016925944,0.014445801,-0.000629316,-0.057018086,0.04005594,0.0029755686,0.00043657047,0.033773504,-0.008673659,0.024171237,-0.028154876,0.04629234,-0.025465637,-0.020507284,0.030960558,-0.01722935,0.06206937,0.015766392,0.01720513,-0.013941986,0.019116832,-0.036925625,0.0027462528,0.049323607,-0.04526901,0.06416724,0.03898759,0.0032644975,-0.040816676,0.0045424406,-0.01072031,0.042131152,0.02245785,0.016697811,0.028267842
0.001407702,0.0044003963,-0.00654676,-0.0027895917,-0.005348415,0.0441213,-0.0059536514,0.005043341,-0.0113660805,-0.026153719,0.012668856,0.0035785316,-0.0013299334,0.026777005,0.013215283,-0.010651548,-0.028567411,-0.014793091,0.015011886,0.013647315,-0.003189825,-0.039903488,-0.0051155277,0.0047232085,-0.0056181117,0.021645049,-0.010305323,0.009885681,-0.03169444,0.023094267,0.009494053,-0.003930926,-0.0114599615,0.004826579,-0.0142808,0.02270164,0.025896711,-0.019176893,-0.017524635,0.004406707,0.038090244,-0.03490273,0.0064329416,0.008096806,0.019278202,-0.0030862526,0.0037990885,-0.010052443,-0.027089382,0.005699495,-0.029508013,-0.0031238096,-0.012435921,0.029285103,0.028639054,0.0054580793,-0.046657443,-0.010435964,-0.02652909,0.0069813123,0.007214117,-0.021796644,0.00920266,0.017326089,-0.016935058,0.017002124,-0.019517245,0.03126923,-0.018218406,0.044225596,-0.016246967,0.004091566,0.023508757,0.035677757,0.016473103,0.014340997,0.03545122,-0.008214084,0.012195748,-0.0047754077,-0.025833054,0.05335647,-0.024241405,0.0347916,-0.0033179806,0.052021872,0.0075213904,0.0013003901,0.014770379,-0.0021260162,0.0014995716,-0.009410161,-0.00704688
0.016930575,-0.021246865,-0.012167457,-0.029282805,-0.01212541,0.031026805,0.014267718,0.015150378,-0.03366629,-0.028393388,0.02599063,0.017817613,0.039853312,0.03210912,0.0367066,-0.014248665,-0.031880632,-0.019161204,0.030412238,-0.0015256607,-0.0017711725,-0.021038046,0.016254574,0.019004231,0.0124122705,0.065808654,0.019923288,0.025372624,-0.05097274,-0.02369104,0.032434262,-0.027684847,-0.010669904,-0.027189748,-0.0076910397,0.000738494,0.020455675,-0.032223828,-0.034220368,0.0075746854,0.054057233,-0.011180237,-0.05269208,0.024451414,0.024350323,0.00669264,0.012740739,-0.02867603,-0.042522337,-0.0023331265,-0.030266708,0.010490581,-0.02525887,-0.017376337,-0.0047729583,0.05043262,-0.005797,-0.025308633,-0.021882027,0.017444106,0.018005038,-0.029727817,0.029628428,0.007368951,-0.042857822,0.016222712,0.022134734,0.054951575,-0.017224824,0.030995373,-0.015795156,-0.02463488,0.0101384055,-0.014315935,0.042465806,-0.024907056,0.015255741,-0.014379729,0.057337094,-0.06370365,0.0068459744,0.080778524,-0.03644751,0.062893495,-0.0010535332,0.027471276,-0.0059099887,0.028126359,-0.017790701,-0.02049077,0.016883632,-0.0034679687,0.0037798553
0.00988551,0.009827827,-0.003483655,0.0021580053,0.0048978236,0.03703387,0.011241004,0.012528133,-0.010606627,-0.021657325,0.009599529,0.006835854,0.026695022,0.018581364,0.019288164,-0.0039298595,-0.027671076,-0.0015785709,-0.014450364,-0.0004924363,-0.03926259,-0.04612203,-0.01519156,0.019463671,-0.002985166,0.02642079,0.026063714,-0.003346533,-0.0021031357,0.016223475,0.008140094,-0.0038549034,-0.004743836,-0.0011261399,-0.02397519,0.017822886,0.04071291,-0.0022189375,-0.0392938,0.035054807,0.004205653,-0.025284454,-0.003386164,0.023350487,0.007825904,0.0106757935,0.024997508,-0.022799278,-0.04395089,-0.0014694174,-0.029696459,0.024840793,0.0048664925,0.017784925,0.03364201,0.029203862,-0.04316757,-0.010953993,-0.0148247825,-0.00051390094,0.020444218,-0.042914666,0.032781024,0.00091482676,-0.019189106,0.03156322,-0.024544725,0.032985594,-0.030241782,0.0403319,-0.026871327,-0.013236997,0.009709982,-0.0178885,0.016006557,0.013026723,0.02371699,-0.0043210657,0.044662654,-0.029718375,-0.001605418,0.04423397,-0.021611376,0.032086905,0.010439909,0.048603304,-0.008783555,0.011064425,0.008472133,0.021775696,-0.008369194,-0.018183578,0.0058860276
0.0064768763,0.014621274,0.015546753,-0.078882635,-0.0021743437,0.019928157,-0.0503619,-0.047977623,-0.011510255,-0.037356548,-0.08250005,-0.013372842,0.05667527,-0.007926149,0.00887709,-0.020634491,-0.033240702,-0.019559255,0.050481826,-0.018574603,-0.090205796,-0.013740881,-0.019028135,0.019147202,0.024728132,-0.028417313,-0.037994675,0.049241718,0.002754549,0.029442761,-0.0032543482,-0.017196164,0.036631044,0.0084666,-0.00029686838,0.013723035,0.004310086,-0.05513983,-0.08503972,0.052092664,0.039399557,-0.034253318,0.024568705,-0.007927969,-0.06481502,-0.020396322,0.047271688,-0.002503198,-0.038356993,0.014957815,-0.057215255,-0.0029877392,-0.00957788,0.007648888,0.04629837,0.035469156,-0.03220586,0.006123582,0.0042374292,0.0097847255,0.06734185,-0.070409514,0.029226622,0.012199499,-0.023662541,-0.0055520316,-0.020940162,0.00027873926,0.03481391,0.002875771,0.027933355,-0.03210014,0.044499826,0.063842006,0.036866944,-0.031961206,0.010499854,-0.028840398,0.054173376,0.00092500047,0.03750891,-0.015230137,-0.07095391,0.053700004,-0.003437907,0.027847538,-0.010299094,0.0037359672,-0.035036787,0.02674005,0.004171582,0.022467786,0.026765259
0.01903606,0.009220532,0.0074627735,-0.009608369,0.00069320516,0.028672423,0.025493003,0.008249341,0.010006507,-0.0054444894,-0.02255193,-0.013553121,0.048548568,0.034343287,0.045849297,0.006430202,-0.054286774,0.0005640722,-0.013482868,0.007917398,-0.028697187,-0.01196095,0.029858615,0.032823846,0.011332824,0.0024403657,0.017102083,-0.0026588303,-0.017894227,0.028048249,0.0069827363,0.00014068559,0.02546532,-0.0037562745,-0.032675773,0.03698481,0.029110963,-0.02691066,-0.05561295,0.04720908,0.0077532055,-0.04134482,-0.01807472,0.04371678,0.0067349584,0.01231323,0.036290064,-0.024163624,-0.021586142,0.015497575,-0.017798537,0.057064045,0.0014667929,0.019142482,0.034663364,0.022633577,-0.026818367,-0.009525864,0.0045491415,-0.018616507,0.011864058,-0.020341901,0.02495366,0.0020030038,-0.038102813,0.0031739087,-0.034870263,0.03086372,-0.0011718156,0.010503859,-0.03630763,-0.033458926,0.01257006,-0.0010049973,0.021820746,-0.038450588,0.0297348,-0.007878574,0.030718919,-0.03575633,-0.014475939,0.011871218,-0.03963346,0.02933552,0.0073295934,0.041317735,-0.007020275,-0.007668922,0.0002575491,0.018169813,0.015281128,-0.0012512903,0.031095577
0.015901232,-0.0112506775,-0.0055487696,-0.0010221746,-0.02198795,0.044476815,-0.03787442,0.0014432202,-0.029381707,-0.026350893,0.016596885,-0.027468713,0.04226501,0.04014793,-0.010978881,-0.0059309,-0.021770995,-0.02968983,0.019211803,-0.011813093,-0.031148348,0.009802609,0.0027072579,0.008232117,0.035701357,0.014615096,0.010147252,0.01693745,-0.03127426,0.009765398,0.020091595,-0.015403433,-0.018488202,-0.0009993591,-0.02814936,0.035350084,0.026813503,-0.019247146,-0.057538368,0.044876773,0.017945578,-0.043079823,-0.002262036,0.009232093,-0.0098099485,-0.00054283807,0.060869854,-0.009227613,-0.014922928,0.012432793,-0.0034461191,-0.0143290525,-0.028006973,0.06913672,0.041122574,0.015954124,-0.03439859,-0.01326656,-0.024276385,0.0033009576,0.020491451,-0.06984844,0.025263593,0.012441409,-0.032372344,0.043994382,-0.03229048,0.0053397114,-0.002029297,0.054393,-0.04524181,-0.028389258,0.023556637,-0.021165611,0.007765612,-0.0074529406,0.026671104,-0.040057857,0.02526407,0.014107506,-0.0064325747,0.037959993,-0.035937294,0.043357577,-0.010723035,0.052031923,-0.002537683,0.005344096,0.014686973,-0.013464669,0.01676264,-0.0050562783,0.02657313
0.0038503553,-0.016247699,-0.015665859,-0.01816959,0.03375845,0.02333976,0.014691279,-0.002882816,-0.039859656,-0.041157153,0.015034165,0.022574956,-0.0078160735,0.00076532905,0.014835032,-0.022955103,-0.035615828,-0.03538302,0.08965515,-0.011987855,-0.0077968934,-0.014695713,0.020725302,0.0014596087,0.03151358,0.024066418,0.010305245,0.02006561,-0.03039417,-0.015861291,0.027929774,-0.03255017,-0.04991468,0.017666278,-0.016023047,-0.0015958012,0.05526735,-0.0145124905,-0.056447208,0.023675678,0.03805293,-0.013160728,-0.023440903,0.030623913,0.0075709117,-0.0021855517,0.047617406,0.0012390403,-0.04219998,-0.009434943,-0.050276954,0.014995569,0.016530514,-0.0039849724,0.0073331064,0.02659178,-0.0051441244,-0.0043766424,-0.037493873,0.0027280792,0.005615844,-0.03494733,-0.0024342358,0.021065647,-0.032367323,0.050164767,-0.024740538,0.03701376,-0.020510077,0.016670397,-0.014263738,-0.025486652,0.0038857944,0.00021630619,0.055291407,-0.022943292,0.018463207,-0.021491917,0.010373883,-0.03541388,-0.020430923,0.019321522,-0.031556528,0.042737912,0.010464856,0.009131133,-0.017875386,0.0081392545,-0.00023226533,0.012604103,0.003145811,7.21612e-05,-0.00853064
-0.0031263307,0.02032016,-0.027148994,-0.019475501,-0.021363942,0.026986266,0.018957634,0.008975697,-0.013224359,0.0063366042,-0.021996407,-0.025615748,0.029587705,0.052438423,0.010945915,0.0014885784,-0.029520817,-0.0120388,-0.001310033,0.017736405,-0.021662354,-0.019394264,0.003722251,0.006413543,-0.010700778,0.011674912,0.009687082,-0.0010202831,-0.008038041,-0.0033365942,0.018401247,-0.030062657,-0.0075959945,-0.011479058,-0.0017924178,0.030699063,0.010081888,-0.015393604,-0.033072803,0.013640207,0.013658968,-0.040752843,0.0027520233,0.035824068,0.021206632,-3.944896e-05,0.018791934,-0.0033121794,-0.0187472,0.021183547,-0.0325016,0.024021644,0.011221431,0.03223429,0.02220128,0.02623983,-0.008819461,-0.009616902,-0.0016386587,-0.007863684,0.025343165,-0.01959562,0.008132652,0.039910384,-0.025215328,0.023679582,-0.027794996,0.010112571,-0.03834074,0.034870245,-0.050222427,0.011491985,0.016565572,0.022548243,0.022772832,-0.0077180117,0.01564762,-0.010348798,-0.0016807786,-0.036394496,-0.028305072,0.024704168,-0.034706295,0.04023684,0.019342622,0.039596487,0.011783037,-0.017491564,0.007182092,-0.0036874525,0.023289861,0.011012144,0.018678077
0.011916453,0.017065069,-0.006697658,-0.030819375,0.0036708948,0.02489078,0.01661853,-0.033320125,-0.017445266,-0.023803081,0.014952601,0.00024769222,0.034633674,0.0017623808,0.03072688,-0.003381586,-0.018551655,-0.0149032,0.03147926,-6.367173e-05,-0.022164453,-0.010839373,-0.012830867,0.04689932,0.03369417,0.028707817,-0.013006738,0.0100546675,-0.02407187,0.017088233,-0.015193482,-0.022504078,-0.011987775,-0.015160997,-0.033804644,0.025732689,0.052459262,-0.008512521,-0.039267343,0.026770215,0.018320253,0.0011448669,-0.03624965,0.0052571874,0.0064270776,-0.0051936917,0.050854072,-0.013550818,0.0055084266,0.001193744,-0.04759734,0.031967398,0.01111043,-0.01575979,0.011230242,0.030287465,-0.031629402,-0.013502323,-0.0075400006,0.019440794,0.00820831,-0.034415614,0.025133856,0.009810158,-0.026367811,0.020749277,-0.0225819,0.022630373,-0.020060275,0.0502216,-0.0082236,-0.024690209,0.0007765403,-0.02914962,0.031389978,-0.027155593,0.030229991,-0.0380323,0.050073918,-0.043513592,-0.010532493,0.002577869,-0.034057993,0.047829553,-0.007540878,0.025648905,-0.0052689356,0.006728772,-0.0076154545,0.018422388,0.02386474,0.000101123005,0.041772496
0.016246155,0.035819698,0.009059829,-0.05652014,-0.01850053,0.03510537,-0.01984929,-0.028506586,-0.039385132,-0.032863613,-0.009675536,-0.047459275,0.032403618,0.041246723,0.0058430885,-0.013768826,-0.027873153,-0.029966924,0.0048677423,-0.023889929,-0.01772719,-0.051818978,-0.02075863,0.030582407,-0.018369248,-0.0011340505,-0.01686706,-0.0016119466,-0.012175659,0.044216115,0.006246268,0.015239843,0.004849131,0.0085695395,-0.012456158,0.022865644,0.011466334,-0.030465035,-0.032171253,-0.0039339606,0.034712277,-0.03840513,-0.014775533,-0.013972074,0.020992905,-0.016764417,0.013543041,-0.0020542154,0.018237982,-0.014294337,-0.007540748,-0.0010711276,-0.017644277,0.06166304,-0.0065636365,0.020231562,-0.05058289,0.018587241,-0.03952492,-0.02122816,0.030064728,-0.024149958,0.03159773,0.017227978,-0.023966407,0.006498115,-0.0058428054,0.032956403,-0.005106904,0.052525885,-0.041472837,0.0026475668,0.043669403,0.060022343,0.022312898,-0.020097002,0.04171165,-0.021951746,0.05428318,-0.018448442,0.02090792,0.047600206,-0.02307286,0.027095413,-0.021460343,0.07342485,-0.025332935,-0.0063571576,0.021609932,0.00013281405,0.00023363996,-0.03210733,0.006349553
-0.0041457615,0.0039980947,-0.0072134533,-0.022430724,0.0060350373,0.030527955,0.011746222,0.0018008825,-0.020417003,-0.01653276,0.036306106,0.018773332,0.0042406195,0.02788374,0.02176959,-0.018713117,-0.023868274,-0.000105466694,0.03926678,0.00575181,0.0026269215,-0.010619539,-0.00219504,0.024324892,-0.00081298855,0.021226462,-0.0113630975,0.014389512,-0.03570154,0.01834101,0.0055574984,-0.017419497,0.0010474158,0.0029068908,-0.033796895,0.048859395,0.04140123,-0.022900367,-0.04528011,0.029852068,0.03883821,-0.03454041,-0.024108408,0.019192334,0.019449642,0.006645887,0.038755555,-0.0003448194,-0.028817626,0.0072930274,-0.04904164,0.02517006,0.024144832,-0.0013756613,0.035863753,0.01716652,-0.027515365,0.0128475735,-0.009260094,0.032887053,0.010090597,-0.030499836,0.017438062,0.012299632,-0.0075803623,0.035044342,-0.019516863,0.035245165,-0.033290386,0.046681494,-0.038392168,-0.0110285245,0.027780728,-0.023143437,0.038494103,-0.029211504,0.023656085,-0.043877758,0.033278022,-0.039686665,-0.032355446,0.02184905,-0.021157788,0.052450933,0.021513816,0.008045031,-0.02032065,0.0049479944,-0.004685671,0.0076561715,0.027398039,0.007591454,-0.0059572184
0.0074934857,0.020045124,-0.0012941624,-0.0075974334,0.003068959,0.039057773,0.0033464492,-0.011814032,0.009329929,-0.029255765,0.016241409,0.010221298,0.006379868,0.014599546,0.025696404,-0.020886889,-0.019330088,-0.0077669495,0.021213125,0.0029345201,-0.01399305,-0.03228267,0.00037425055,0.028719893,0.013087258,0.00740024,-0.008949571,-0.0008629847,-0.018943584,0.039734792,-0.015086642,-0.0057659154,0.006070838,-0.015747203,-0.026891246,0.043511104,0.037609115,-0.007008129,-0.06731134,0.02093766,0.017374989,-0.039265983,-0.011301755,0.013694929,0.005412395,-0.00216415,0.026518041,-0.021662356,-0.018103082,0.006070924,-0.021683047,0.009545679,-0.0007765403,0.014992258,0.029356243,0.019265478,-0.027826024,0.016501054,-0.021337552,0.009546596,0.006136807,-0.02832897,0.030747121,0.0041194716,-0.011322089,0.014168764,-0.032878228,0.02225763,-0.010201284,0.019203128,-0.034181938,-0.0026870854,0.02602302,-0.020043392,0.015953993,-0.01316094,0.018326811,-0.026657676,0.020139655,-0.0132866595,-0.0177623,0.012875985,-0.006198958,0.04773463,0.00998362,0.030416176,-0.022804134,0.00823152,0.007643815,0.0032709404,0.01828249,0.0027039777,0.008804439
0.01700803,0.0061793234,-0.027603794,-0.0023542077,0.0057025864,0.053505484,-0.039243296,-0.025932379,-0.0088808285,-0.0062367683,0.022632686,-0.007287416,0.0034169273,0.007872495,0.008216167,0.0035601703,-0.008474396,-0.019596389,0.03565319,0.007502146,-0.03919418,-0.032985978,-0.0060425266,0.0193226,0.004186611,0.008755019,-0.018179152,0.030492784,-0.023824176,0.044082507,-0.011137827,-0.0129432585,-0.0069153323,-0.0025956572,-0.021660784,0.023841169,0.02142414,-0.011359157,-0.037988953,0.038297836,0.032797445,0.0039248304,0.0019905057,-0.00030865893,-0.008866651,-0.0007540061,0.036533315,-0.026345745,-0.0179832,0.0077575287,-0.015232983,-0.005332948,-0.0011676637,0.03012674,0.0340235,0.00062227243,-0.041603982,-0.006283422,-0.028856868,-0.004247504,0.015060239,-0.03700068,0.0103016235,0.010995563,-0.016436305,0.026196843,-0.0172185,0.024179906,-0.018546524,0.03896442,-0.023206914,-0.028569793,0.02518764,0.011856086,0.0348214,0.01864329,0.022073206,-0.031680938,0.014111148,-0.008296233,-0.019232703,0.01119573,-0.015896507,0.057551127,0.016312344,0.048335243,-0.0151249,-0.009048815,-0.006658505,0.0071060504,0.007583658,0.0018052993,0.02230334
0.037650168,-0.005556486,0.0117066745,-0.038028933,-0.029830022,0.0530667,-0.06974071,-0.011636671,-0.017198505,-0.015479108,0.01109873,-0.011682498,0.069142245,0.037424807,-0.028516807,0.018759701,-0.023889491,-0.025822902,0.017190197,0.006783402,-0.030539442,0.023481186,0.01714725,-0.013779762,0.03369156,-0.002890994,0.022359984,0.03249134,-0.056742363,0.029746065,0.005968254,-0.03819386,0.0017779749,0.005142988,-0.0023300755,0.06454966,0.019923206,-0.03023593,-0.043575034,0.037522223,0.015200664,-0.031348176,0.005240381,0.025735077,-0.025546657,0.019758115,0.063093305,-0.008494319,0.026327329,0.0071513886,0.0012690157,-0.015118779,-0.03241451,0.10420792,0.043010198,0.0034878,-0.023489986,-0.00973531,-0.027590994,-0.00033894088,0.06681948,-0.059393335,-0.001326373,0.005457798,-0.047701154,0.058310363,-0.02965456,-0.012442702,0.028203504,0.02395398,-0.056728728,-0.0283909,0.04139374,0.033103492,0.013115911,-0.033232816,0.024160925,-0.03123011,-0.0064955633,0.0059349993,0.027337968,0.03991175,-0.027800007,0.03271104,0.007984338,0.05862127,0.0113634495,-0.0046512783,0.0108871795,-0.005035369,0.023571588,0.017610699,0.009107326
0.019834807,0.014943858,0.020952085,-0.0059356717,-0.003722929,0.025964431,0.039639093,0.0056815078,-0.022519115,-0.0052213417,-0.024386518,0.005456347,0.049971875,0.040762674,0.016220778,0.01021118,-0.0462505,0.009528575,0.025899004,0.020314667,-0.01010245,-0.019207314,0.025262754,0.025690932,0.007985877,0.007869767,0.009114503,-0.02084053,-0.04541596,-0.011922051,-0.0060708662,-0.007847942,0.010786339,-0.0031749862,-0.011388635,0.022957154,0.02413593,-0.023632342,-0.05295373,0.025832506,0.020980138,-0.046157446,-0.027695438,0.023969343,-0.00015700981,-0.005738784,0.05492925,-0.014067832,-0.017599836,0.0062444173,-0.034390897,0.02701388,0.008639363,0.016712898,0.021408908,0.033428676,-0.013261755,-0.017109454,0.002813857,-0.0031142544,0.008605277,-0.03810309,0.010447688,0.036587685,-0.037949145,0.02853994,-0.015114363,0.039164558,-0.002072078,0.013002529,-0.017746724,-0.00183422,-3.6571175e-05,0.0075931973,0.035299893,-0.034255598,0.041496806,-0.017893141,0.023684388,-0.020472141,-0.020190189,0.041594844,-0.04258904,0.033452436,0.007913963,0.036449056,-0.0007962182,-0.0025059043,-0.016744804,0.022862328,0.009936278,0.0038136852,0.038819097
0.005447263,0.0027039442,-0.01749906,-0.013974181,0.008275504,0.027468245,0.01663408,-0.0075265625,-0.010940506,-0.026768489,0.014933875,-0.01407791,0.014263017,0.028759593,0.011417386,0.0016557392,-0.019222923,-0.014650382,0.029184548,0.018091122,-0.0521212,-0.015288416,-0.009950931,0.03661324,0.018589802,-0.0032857705,0.002634725,0.021053571,-0.03015082,-0.0042049224,0.0075200684,-0.024795745,-0.011025777,0.0023331405,-0.033919405,0.024636751,0.03330955,0.0023888675,-0.04892465,0.022185164,0.049020622,-0.023115246,-0.0027818459,0.029012509,0.023180261,0.018546391,0.038048092,-0.003131092,-0.0091913445,0.01420256,-0.046551898,0.031920485,0.011558869,0.019159464,0.015499202,0.0028581747,-0.03163627,-0.0050395858,0.012315351,0.0025829,0.0030123547,-0.0429654,0.032776307,0.011581712,-0.021104148,0.027132615,-0.024687875,0.032845937,-0.028831042,0.055035032,-0.05082011,-0.03815434,0.031283606,-0.013358607,0.036441818,-0.0176879,0.025294835,-0.04252005,0.02796179,-0.02461139,-0.02366885,0.015161342,-0.03698008,0.053204812,0.009591054,0.04120475,-0.03281337,0.016519904,0.0041275173,0.005534098,0.046566952,0.0074899313,0.017702539
0.020065244,0.013943185,0.026723497,0.011591277,0.0004960647,0.049250048,0.029305993,-0.00062037486,-0.03861403,-0.0088786855,0.0075532203,0.0012606375,0.0481929,0.036603812,0.011619531,0.006458485,-0.033277284,-0.002591131,0.0046960646,0.009540877,-0.0351149,-0.034994908,0.007374652,0.014816396,0.0026992778,0.03347717,0.010131975,-0.006404871,-0.016058285,-0.010317286,0.011899137,-0.015871637,0.0006917947,-0.016235,-0.015462046,-0.00253973,0.025525793,-0.025367368,-0.04508169,0.0434534,0.005162674,-0.037187397,-0.012433701,0.028316554,-0.020262608,0.018181775,0.03676053,-0.051499162,-0.04673407,0.014802477,-0.031845815,0.043894738,-0.0023639605,0.026167933,0.014241157,0.029322766,-0.03075058,-0.026409063,-0.00089682057,-0.008987106,0.010643262,-0.04881354,0.019498624,0.014323391,-0.028362382,0.03535585,-0.0040399735,0.036443025,-0.013087589,0.023313146,-0.035440855,-0.012485574,-0.021410229,-0.024219964,0.023856578,-0.005981605,0.011639722,0.008965133,0.03666206,-0.039379407,-0.0010632124,0.06384525,-0.040581416,0.025890999,-0.0014614285,0.044787902,0.0023409473,0.026930092,0.008401161,0.018490242,-0.0028657871,-0.01639918,0.026022725
0.029247371,0.029613264,0.0012450453,-0.06841814,-0.05359719,0.037774235,-0.0010994482,-0.031219378,-0.03147784,-0.025053052,0.020314625,-0.018157667,0.051731832,0.060743757,-0.01261787,-0.010045768,-0.021106975,0.022172442,-0.015562459,0.0026825496,0.004629592,0.0067302724,0.00043774207,0.017613918,0.052960236,0.053457715,0.0019586424,-0.01226892,-0.06148144,-0.02404451,0.0310485,-0.020838844,-0.0027682786,-0.028398432,0.011985056,-0.003999573,0.016574176,-0.032499548,-0.06390813,-0.04090319,0.05352022,-0.023895683,0.00024049263,0.007231721,0.014159283,-0.011725108,0.00068971876,0.029335685,-0.00890902,0.010923904,-0.029785981,0.018827155,0.011916544,0.055711083,-0.0070872013,0.00013815612,-0.07544568,0.0033317532,0.003196032,-0.006636835,0.061345194,0.011515093,-0.014907043,0.07107666,-0.06778164,0.037749268,-0.023799188,0.04005378,0.009070535,0.040880214,-0.021920031,0.050118145,0.049479585,0.08832843,0.02645716,-0.07488359,0.0030198751,-0.038967695,0.0011170241,-0.012609798,0.048937175,0.07325033,-0.04499564,0.07648639,0.0054477584,0.023094593,-0.014009859,-0.0036239186,0.006376775,-0.018502757,0.026940553,0.004389256,-0.01818729
0.015888704,0.018448673,0.012117795,-0.020806156,-0.004096352,0.041287724,0.018789059,-0.0038086039,-0.015072094,-0.012361731,0.0023944806,0.0018887316,0.04259301,0.03512213,0.026064787,-0.00082958565,-0.022388544,0.0059294677,0.023460658,0.0066112843,-0.002644285,-0.028837634,0.0028773504,0.031516697,0.019499926,0.013596319,-0.0075441324,-0.0009852858,-0.038680617,-0.0011646071,-0.0048278975,-0.0031642884,0.012789317,0.00081752456,-0.02260914,0.031790078,0.032657485,-0.007363301,-0.035941593,0.022780607,0.024633115,-0.020890834,-0.021852668,0.0145929735,0.014195904,-0.0016226042,0.044203255,-0.016741998,-0.00036054009,0.00802549,-0.02289897,0.021640962,0.010213462,-0.0048244856,0.011352932,0.02436541,-0.029721558,0.009060236,0.014007637,0.0023348755,0.006861863,-0.021522375,0.014186068,0.0198433,-0.037461974,0.015964918,-0.026594173,0.02567161,-0.0016926548,0.031749126,-0.023252044,-0.0041503967,0.0022315653,-0.034111142,0.053760126,-0.03383912,0.032024264,-0.05081604,0.035983607,-0.034872077,-0.008480765,0.009447316,-0.03779296,0.04262661,-0.019925684,0.033744834,-0.0045200326,-0.0025175775,-0.0035864948,-0.005458627,0.02433308,0.0101297125,0.030823072
0.008179278,-0.02443319,-0.0023199236,-0.012267192,0.0153241465,0.020350035,-0.009386629,-0.0074495953,-0.003630152,-0.02073728,0.0140697975,0.017230514,-0.003517103,0.021660263,0.010619003,-0.026486596,-0.034034707,-0.007762214,0.069851615,0.02053056,0.00096105755,-0.014893063,0.02411087,0.0076683485,0.008508202,-0.00459546,0.012480255,0.00583646,-0.0454849,0.0031669557,-0.013538266,-0.0104225455,-0.04000807,0.015598273,0.00075598236,0.021205595,0.023680372,-0.018166665,-0.029884987,0.037489906,0.047234144,-0.03566736,-0.016164923,0.022291528,0.006472531,0.0043733437,0.030691916,0.0069297524,-0.020883562,0.0034851541,-0.05026305,0.0108487075,0.0005828095,0.018142827,0.024194375,0.0075414577,-0.021322338,-0.00457251,-0.01943121,0.018505149,0.015246653,-0.031157725,-0.00024994835,0.009739389,-0.032117344,0.03654514,-0.02709877,0.034465566,-0.041487172,0.03371783,-0.020659793,-0.013311561,0.014960788,0.0017467757,0.035721216,-0.014302597,0.031024301,-0.010490343,0.01078981,-0.012139953,-0.013157665,0.040487733,-0.034092844,0.048615105,-0.0016855674,0.032488458,-0.00825466,0.01925431,0.0087489085,0.028173104,0.0170824,-0.013374746,-0.02539086
0.031474948,0.044522397,0.00010382477,-0.020278245,-0.03460886,0.045144647,0.020988677,-0.0055497126,-0.025251038,0.003731701,-0.015603539,-0.010530009,0.0025663767,0.055886764,0.029100467,-0.022897424,-0.032717206,0.0051762187,0.011305632,0.0043913266,-0.017927775,-0.024090558,0.00068341184,0.020720199,0.0055194586,0.036353704,0.0047144652,-0.0052270675,-0.0015628325,0.033908617,0.008993942,0.0125372475,-0.003460305,0.010369373,-0.01656339,0.025412519,-0.021940475,-0.03239042,-0.03153244,0.01663153,0.03805452,-0.06029367,0.017989133,0.003507778,8.522067e-05,-0.012139887,0.019327443,-0.010101621,-0.033214983,-0.016494868,-0.022938253,0.017382024,-0.014584294,0.060123723,0.03472739,0.05272358,-0.029271806,-0.012916822,-0.011610926,0.01077765,-0.00933811,-0.02809856,0.0115920445,0.011926272,-0.020271672,0.032501988,-0.03563848,0.009490972,-0.017713716,0.02153555,-0.028161459,-0.0016571408,0.0066118888,0.054410998,-0.010938061,0.0024215775,0.018774059,-0.019815585,0.02979827,-0.019200468,-0.0011945938,0.061528124,-0.0125360815,0.02148776,0.028029105,0.04783628,0.01336534,-0.00688463,0.012878613,0.024143713,-0.009037461,-0.012931829,0.02448548
0.011364699,0.02176608,-0.00109044,-0.04140019,0.006081003,0.028109197,-0.00325942,-0.014719992,0.006554206,-0.011480855,-0.0015669927,-0.021747997,0.02357011,0.011113186,0.029258566,-0.017017586,-0.0416803,-0.020464607,-0.007868623,-0.0029289583,-0.028123833,-0.023630783,-0.0029538486,0.022507386,0.047232606,0.011930351,0.008207603,0.009616437,-0.028090036,0.044701084,-0.018243158,-0.016707487,0.016060064,-0.023874965,-0.024320535,0.034163393,0.06368886,-0.008844271,-0.06269515,0.026024627,0.012941148,-0.0128104845,-0.053814627,0.022212371,0.003664372,0.004717454,0.03288113,-0.015134589,-0.0358557,0.05008453,-0.040134795,0.01205323,2.1999702e-05,0.02443385,-0.0008255577,0.015267143,-0.046008997,-0.006696626,-0.00872433,0.00069896865,0.014456063,-0.03801738,0.025188034,0.0248239,-0.024774067,0.020784115,-0.05048909,-0.0024088407,-0.019132135,0.01730287,-0.04108939,-0.009700372,0.024302304,-0.01674331,0.00601699,-0.014236943,0.024942398,-0.03615912,0.053922575,-0.029087558,0.0008175483,0.0094337715,-0.05313533,0.057678685,-0.012430441,0.047351446,-0.021545982,0.007763495,-0.00127304,-0.013951115,0.0094114905,-0.004066039,0.038611338
0.0005586156,-0.0021417271,-0.014902311,-0.017071968,-0.0011886772,0.04019556,0.009381637,0.018700143,-0.025434718,-0.018924149,0.03153115,0.010279934,0.0067389593,0.019033277,0.02945475,-0.015818935,-0.015452879,-0.022968197,0.016635098,0.003863952,0.010930649,-0.026265081,0.005355385,0.009610366,-0.016536621,0.03878191,0.0037879287,0.026980223,-0.027625637,0.0024386432,0.006064402,-0.027308693,-0.0194929,-0.015946362,-0.030952644,0.022847598,0.0385781,-0.015339583,-0.04051159,0.027380072,0.041521996,-0.017781463,-0.019991834,0.029601237,0.025986575,0.007630066,0.019921457,-0.026509423,-0.069184914,0.01530621,-0.046033878,0.018900624,-0.007756212,-0.0009521355,0.032041,0.020962449,-0.03462393,-0.0065844734,-0.028703745,0.022527635,0.0065300693,-0.045551516,0.035201743,0.004656829,-0.01716708,0.03566265,-0.0062610507,0.04944157,-0.042395692,0.03654977,-0.0412253,-0.02209086,0.028091883,-0.027246209,0.036363944,0.0098910825,0.02278279,-0.009864647,0.022676783,-0.042519532,-0.018952694,0.030286307,-0.02478776,0.045815833,0.029991012,0.019195624,-0.021094885,0.020693935,-0.0036323627,0.0074497303,0.031300973,0.009589246,0.021408293
0.033082757,0.016818041,-0.0051048617,-0.04531242,-0.02028688,0.062247578,-0.06022595,-0.043819938,0.004543219,-0.027796801,-0.011104428,-0.0057581435,0.039207764,0.0074093216,0.0019478792,0.022515178,-0.0019911092,-0.013524789,0.052455522,0.014466651,-0.080787316,0.00010911003,-0.023523364,0.055568155,-0.000680765,0.0041094655,-0.010813689,0.05912812,-0.01572921,0.0434217,0.016513824,-0.04243656,-0.0041254945,-0.002872596,-0.0040673222,0.048351258,0.023205733,-0.038087867,-0.06558882,0.049112834,0.035227433,-0.0016777145,0.019507235,-0.010427736,-0.05548849,0.0038804486,0.08217912,-0.0064506195,-0.0059190225,-0.0040613655,-0.0584652,-0.017849129,0.005355211,0.009159783,0.032224495,-0.022982096,-0.033363007,-0.0242106,-0.009841115,-0.017802991,0.030595193,-0.048279088,0.01823864,-0.017556107,-0.03925955,0.021412866,-0.012265677,0.02233435,-0.008350236,0.041402727,0.0031173762,-0.027996674,0.01612233,0.02222728,0.028481793,0.007951573,0.010919305,-0.04583001,0.019838275,-0.01346607,0.014924629,6.891228e-05,-0.028103564,0.06445256,0.002534968,0.055263728,-0.013607963,-0.0005093589,-0.024947127,0.0003441386,-0.008760567,-0.027193215,0.035871964
